file,parsed,status,constraints,unclassified,Course Reuse,Course Selection,Distribution Bounds,Manual Review,Sequencing,problems,verbatim_misses,low_confidence
003_acting_stage_and_screen_bfa,True,partial,5,4,0,4,0,1,0,2,2,1
017_architecture_barch,True,partial,17,4,4,6,2,4,1,6,6,0
020_art_history_ba,True,partial,11,2,0,4,4,3,0,3,3,0
021_artificial_intelligence_bs,True,partial,24,2,0,21,0,3,0,3,3,0
023_arts_technology_and_the_business_of_innovation_bs,True,partial,12,2,2,7,3,0,0,4,4,0
025_astronomy_ba,True,partial,3,2,0,2,0,1,0,0,0,0
028_biochemistry_bs,True,partial,5,1,0,2,3,0,0,1,1,0
040_biopharmaceutical_sciences_bs,True,partial,16,3,0,10,4,2,0,0,0,0
042_business_administration_bs,True,ok,8,3,0,5,0,3,0,4,3,0
062_chemistry_ba,True,partial,7,0,0,6,0,1,0,2,1,0
079_cognitive_science_ba,True,partial,7,3,2,4,1,0,0,1,1,0
082_composition_bm,True,partial,21,3,0,17,0,4,0,8,8,0
086_computer_science_bs,True,partial,14,3,0,9,0,5,0,1,1,0
087_computer_science_games_bs,True,partial,13,6,0,11,0,2,0,0,0,0
097_dramatic_arts_directing_emphasis_ba,True,partial,5,1,0,4,0,1,0,1,1,0
102_economics_ba,True,partial,5,1,0,3,1,1,0,0,0,0
112_fine_arts_bfa,True,partial,9,1,0,7,2,0,0,3,3,0
114_game_art_bfa,True,partial,3,2,0,2,0,1,0,2,2,0
120_global_health_studies_bs,True,partial,9,1,0,6,1,2,0,6,6,0
124_history_ba,True,partial,18,1,1,11,2,4,0,0,0,1
134_interdisciplinary_studies_ba,True,partial,4,4,0,1,1,2,0,0,0,0
137_international_relations_and_the_global_economy_ba,True,partial,8,1,0,6,0,1,1,3,3,0
141_journalism_ba,True,ok,6,0,0,4,1,1,0,2,2,0
154_music_industry_bm,True,partial,13,4,0,7,1,5,0,5,5,1
155_music_industry_bs,True,partial,17,5,0,11,1,4,1,9,9,1
157_musical_theatre_bfa,True,partial,6,1,0,4,0,2,0,2,2,0
162_occupational_therapy_bs,True,partial,11,4,1,3,2,3,2,3,3,0
163_performance_bm,True,partial,15,2,0,10,2,3,0,1,1,0
166_performance_bm,True,partial,24,1,0,20,0,3,1,1,1,0
168_performance_bm,True,partial,18,5,1,13,0,4,0,11,11,0
169_performance_violin_viola_violoncello_double_bass_or_bm,True,partial,27,3,0,19,0,8,0,0,0,1
183_public_policy_bs,True,partial,16,9,2,11,0,3,0,1,1,0
192_social_work_bsw,True,partial,10,2,0,5,0,5,0,0,0,0
199_themed_entertainment_bfa,True,partial,4,2,0,4,0,0,0,0,0,0
263_craniofacial_and_dental_technology_minor,True,partial,4,2,1,2,1,0,0,1,1,0
377_managing_human_relations_minor,True,ok,10,0,1,5,2,2,0,5,5,0
380_materials_science_minor,True,ok,7,1,1,3,0,3,0,3,2,0
399_natural_science_minor,True,ok,4,0,0,3,0,1,0,2,2,0
402_nonprofits_philanthropy_and_volunteerism_interdisciplinary_minor,True,partial,1,1,0,0,0,1,0,0,0,1
458_statistics_minor,True,partial,9,1,2,2,2,3,0,2,2,0
